Trade_ID,Execution_Status,Outcome_Basis,Date,Ticker,Signal,Confidence,Sector,Source,Entry_Price,Realistic_Entry,Stop_Price,Target_Price,Shares,Cost_Basis,RR,Portfolio_Value,Cash_At_Entry,Position_Size_Pct,Open_Positions,VIX,VIX_Regime,QQQ_Trend,SPY_Day_Pct,RSI,Earnings_Days_Away,Congress,Congress_Days_Ago,Insider,Options,Analyst_Rating,Upside_Pct,Short_Pct_Float,Reasoning,Key_Risk,Bear_Case,Close_Date,Close_Price,Close_Reason,Return_Pct,vs_QQQ_10d,Result,Entry_Date,Benchmark_Return_Pct
e904bd8b-ef79-4a81-bfd2-a61eb4a563d9,QUEUED,net_realized,2026-09-16,MTD,BUY,85,Healthcare,BOTH,1382.83,,1327.9,1492.69,,,2.0,10025.74,10025.74,,0,17.71,MODERATE (p59 neutral),BEARISH,-0.4409916675517711,46.2,49,NEUTRAL,,BUYING,NEUTRAL,2.6,5.4,3.6,"MTD's recent 7.7% 5-day gain and RSI at 46 indicate momentum, and its AI-powered Sonus platform is driving near-term growth. Additionally, the company's strong financials and growing demand for maternal health solutions make it an attractive option.",A decline in R&D bookings could impact the company's growth prospects.,Two specific risks in the next 4 weeks are a decline in R&D bookings and a failure to meet earnings expectations.,,,,,,Pending,,
,REJECTED,hypothetical_excess_return,2026-09-16,FTNT,BUY,85,Technology,NEWS,172.27,,161.05,194.71,,,2.0,100000.0,100000.0,,0,17.71,MODERATE (p59 neutral),BEARISH,-0.4449314779118585,60.4,48,NEUTRAL,,BUYING,NEUTRAL,2.8,-5.0,2.2,"FTNT has a strong catalyst with insider buying and a bullish VIX-adjusted RSI, which has led to an 80% win rate in the past. Additionally, its analyst consensus is above 1.5, indicating a positive outlook.","FTNT's key risk is its high short ratio, which could lead to a short squeeze and a decline in its stock price.","Two specific risks in the next 4 weeks are: (1) a potential decline in the technology sector, which could impact FTNT's stock price, and (2) a possible earnings miss, which could lead to a sell-off.",,,,,,Pending,,
,REJECTED,hypothetical_excess_return,2026-09-17,IQV,BUY,85,Healthcare,TECHNICAL,270.22,,261.27,288.13,,,2.0,74740.92,74740.92,,0,15.44,LOW (p15 risk-on),BULLISH,1.1391817518732197,58.0,47,NEUTRAL,,BUYING,NEUTRAL,1.4,3.2,2.7,"IQV's strong 5-day momentum (2.82%) and tech score (40) make it a promising candidate for the next 1-4 weeks. Additionally, its strong insider signal and high analyst consensus support its bull case.",A decline in R&D spending could impact IQV's growth prospects and lead to a decline in its stock price.,"Two specific risks in the next 4 weeks are a disappointing earnings report or a decline in R&D spending, which could lead to a 3-5% decline in the stock price.",,,,,,Pending,,
,REJECTED,hypothetical_excess_return,2026-09-18,ANET,BUY,85,Technology,NEWS,199.99,,188.35,223.27,,,2.0,99802.68,74740.92,,1,14.81,LOW (p7 risk-on),BULLISH,-0.1337459351725578,55.8,46,NEUTRAL,,BUYING,NEUTRAL,1.3,20.9,1.4,"ANET is a strong pick due to its recent price gap and strong momentum, which may attract buyers. Additionally, the stock's revenue growth of 37.7% and earnings growth of 35.7% make it an attractive play.","The stock's high short ratio and short pct float may lead to a short squeeze, which could negatively impact the stock's price.","The stock's high short ratio of 2.0 and short pct float of 1.4 may indicate a potential short squeeze risk. Additionally, the stock's recent price gap may not be sustainable in the long term.",,,,,,Pending,,
49c5222c-58f0-4eb1-a48c-63e768d55b32,FILLED,net_realized,2026-09-18,GILD,BUY,85,Healthcare,BOTH,150.44,149.5798,145.73,159.86,98,14658.82,2.0,99802.68,74740.92,,1,14.81,LOW (p7 risk-on),BULLISH,-0.1337459351725578,61.2,40,NEUTRAL,,BUYING,NEUTRAL,1.8,5.4,1.9,"GILD is poised for a 1-4 week rally due to its strengthened HIV growth platform and expanded Latin America access. The stock has shown technical strength with a rising RSI and ADX, and the sector is experiencing a rotation towards healthcare.","GILD's earnings are 40 days away, reducing the risk of a near-term earnings surprise.","A bear case for GILD in the next 4 weeks could be a surprise earnings miss, which could lead to a decline in the stock price. Additionally, if the sector rotation towards healthcare slows down, GILD could lose its momentum.",,,,,,Pending,2026-09-21,
,REJECTED,hypothetical_excess_return,2026-09-22,ADI,BUY,85,Technology,NEWS,391.57,,376.0,422.71,,,2.0,102095.42,87133.76,,1,14.21,LOW (p2 risk-on),BULLISH,-0.0103423311614392,62.5,63,NEUTRAL,,BUYING,NEUTRAL,1.4,20.6,2.0,"ADI's double-digit growth into 2027 on data center and industrial demand makes it a strong bull case, with a potential 20.6% upside. The company's high short ratio of 2.4 and recent -12.4% decline from 52-week high could lead to a short squeeze, making it a high-risk trade.","The key risk is a decline in data center demand, which could lead to a decline in ADI's stock price.","Two specific risks in the next 4 weeks are: 1) a decline in data center demand, and 2) a short squeeze due to the high short ratio.",,,,,,Pending,,
,REJECTED,hypothetical_excess_return,2026-09-22,HCA,BUY,85,Healthcare,BOTH,439.52,,420.92,476.72,,,2.0,102095.42,87133.76,,1,14.21,LOW (p2 risk-on),BULLISH,-0.0103423311614392,64.2,31,NEUTRAL,,NEUTRAL,NEUTRAL,2.0,3.2,4.4,"HCA is a strong pick due to its high VIX score of 42 and news score of 29, indicating strong sentiment and potential for further gains. Additionally, its momentum score of 10 and short ratio of 5.2 suggest a strong bull case.","HCA's high short ratio and potential earnings risk make it a high-risk pick, but its strong sentiment and momentum scores make it a compelling choice for a 1-4 week trade.","Two specific risks in the next 4 weeks are: (1) potential earnings disappointment, and (2) increased competition in the healthcare sector.",,,,,,Pending,,
,REJECTED,hypothetical_excess_return,2026-09-22,MPWR,BUY,85,Technology,TECHNICAL,1384.89,,1313.22,1528.23,,,2.0,102095.42,87133.76,,1,14.21,LOW (p2 risk-on),BULLISH,-0.0103423311614392,63.5,36,NEUTRAL,,BUYING,NEUTRAL,1.3,33.3,5.5,"MPWR shows explosive 20% 5-day momentum, RS vs SPY >8, strong earnings growth 86% YoY and revenue growth 48%, with insider buying and rising volume, supporting continuation of the breakout over the next 4 weeks as AI-driven power demand sustains. Additionally, MPWR has a strong price trend, with a price above the 50-day moving average and a VIX multiplier above 1.1x, indicating a high likelihood of continued momentum in the next 4 weeks.",The stock's high price trend and extended nature make it vulnerable to a pullback if the market corrects or if the tech sector experiences a reversal.,"The stock is already extended, and a pause or profit-taking could trigger a 5-10% pullback, especially with the upcoming earnings in ~5 weeks and any broader tech-sector reversal.",,,,,,Pending,,
,REJECTED,hypothetical_excess_return,2026-09-23,ILMN,BUY,85,Healthcare,BOTH,256.22,,240.79,287.09,,,2.0,101968.02,87133.76,,1,15.18,LOW (p12 risk-on),BULLISH,-0.7124017376913705,71.4,36,NEUTRAL,,BUYING,NEUTRAL,2.4,-20.6,10.5,"ILMN has a strong technical score of 43 and a news score of 31, indicating a solid bull case. The company's vader sentiment is BULLISH, and insiders are buying, which further supports the thesis.","ILMN's key risk is its high short ratio of 4.7, which could lead to a short squeeze if the stock moves against the bears.","Two specific risks in the next 4 weeks are: 1) potential earnings miss, and 2) increased competition in the healthcare sector.",,,,,,Pending,,
1ad8a410-2207-4bf4-bf8d-0ced31bf5328,QUEUED,net_realized,2026-09-24,AMD,BUY,85,Technology,BOTH,630.89,,590.84,710.99,,,2.0,101803.38,87133.76,,1,15.67,LOW (p19 risk-on),BULLISH,-0.08334092951179928,72.7,40,NEUTRAL,,BUYING,NEUTRAL,1.5,-2.0,2.6,"AMD's strong technicals, high news score, and insider buying make it a compelling 1-4 week trade. The stock's recent price action and momentum indicators suggest a potential upside of 5-10% in the next 1-4 weeks.","The key risk is AMD's high valuation, which could make it more vulnerable to a pullback in the event of a market correction.","Two specific risks in the next 4 weeks are: 1) a potential earnings miss, which could lead to a 5-10% pullback, and 2) a decline in semiconductor demand, which could impact AMD's revenue growth.",,,,,,Pending,,
